"from_time","from_date","till_date","event_first_start_time","event_finish_time"
"11:00 AM","26-Jun","29-Jun","11:00 AM","3:00 PM"
"11:00 AM","26-Jun","29-Jun","2:00 PM","3:00 PM"
"11:00 AM","26-Jun","29-Jun","2:00 PM","3:00 PM"
"11:00 AM","27-Jun","29-Jun","11:00 AM","3:00 PM"
"10:00 AM","28-Jun","29-Jun","10:00 AM","3:00 PM"
"10:00 AM","Jun/28","Jun/30","10:00 AM","3:00 PM"
"10:00 AM","Jun/28","Jun/30","10:00 AM","3:00 PM"
"10:00 AM","Jun/28","Jun/30","10:00 AM","3:00 PM"
"10:00 AM","Jun/28","Jun/30","10:00 AM","3:00 PM"
"10:00 AM","Jun/28","Jun/30","10:00 AM","3:00 PM"
"10:00 AM","Jun/28","Jun/30","10:00 AM","3:00 PM"
"10:00 AM","Jun/29","Jul/01","10:00 AM","3:00 PM"
"10:00 AM","Jun/29","Jul/01","10:00 AM","3:00 PM"
"","Jun/29","Jul/01","","3:00 PM"
"  01:30 PM","Jun/29","Jul/01","  01:30 PM","3:00 PM"
"10:00 AM","Jun/29","Jul/01","  01:30 PM","3:00 PM"
"4:00 PM","Jun/29","Jul/01","4:00 PM","3:00 PM"
"4:00 PM","Jul/29","Jul/27","4:00 PM","3:00 PM"
"10:00 AM","Jun/29","Jul/01","  2:00 PM","4:00 PM"
"10:00 PM","Jun/29","Jul/01","10:00 PM","4:00 PM"
"10:00 AM","Jun/29","Jul/01","  2:00 PM","4:00 PM"
"10:00 AM","Jun/29","Jul/01","  2:00 PM","4:00 PM"
"10:00 AM","Jun/29","Jul/01","  2:00 PM","4:00 PM"
"10:00 AM","Jun/29","Jul/01","  2:00 PM","4:00 PM"
"10:00 AM","Jun/29","Jul/01","  2:00 PM","4:00 PM"
"10:00 AM","Jun/29","Jul/01","  2:00 PM","4:00 PM"
"8:00 AM","Jun/29","Jul/01","  2:00 PM","4:00 PM"
"5:00 PM","Jun/29","Jul/01","5:00 PM","6:00 PM"
"5:00 PM","Jun/29","Jul/01","5:00 PM","6:00 PM"
"10:01 AM","Jun/29","Jul/01","  02:30 PM","6:00 PM"
"10:01 AM","Jun/29","Jul/01","  02:30 PM","6:00 PM"
"10:01 AM","Jun/29","Jul/01","  02:30 PM","6:00 PM"
"  10:30 AM","Jun/29","Jul/01","  02:30 PM","6:00 PM"
" 10:30 AM","Jun/29","Jul/01"," 02:30 PM","6:00 PM"
"10:30 AM","Jun/29","Jul/01","02:30 PM","6:00 PM"
"10:30 AM","Jun/29","Jul/01","02:30 PM","6:30 PM"
"  10:30 AM","Jun/29","Jul/01","  02:30 PM","  6:30 PM"
"  3:30 PM","Jun/29","Jul/01","3:01 PM","  6:30 PM"
"  3:30 PM","Jun/29","Jul/01","  3:30 PM","  6:30 PM"
"3:30 PM","Jun/29","Jul/01","3:30 PM","6:30 PM"
"10:30 AM","Jun/29","Jul/01","3:30 PM","6:30 PM"
"11:30 AM","Jun/29","Jul/01","3:30 PM","2:30 PM"
"10:30 AM","Jul/09","Jul/10","10:30 AM","4:30 PM"
"10:30 AM","Jul/09","Jul/10","10:30 AM","4:30 PM"
"10:00 AM","Jul/09","Jul/10","10:00 AM","4:30 PM"
"10:00 AM","Jul/09","Jul/10","10:00 AM","4:30 PM"
"10:00 AM","Jul/09","Jul/10","10:00 AM","4:30 PM"
"10:00 AM","Jul/09","Jul/10","10:00 AM","5:00 PM"
"10:00 AM","Jul/09","Jul/10","10:00 AM","4:00 PM"
"10:00 AM","Jul/09","Jul/10","10:00 AM","4:30 PM"
"10:00 AM","Jul/09","Jul/10","10:00 AM","4:30 PM"
"10:00 AM","Jul/09","Jul/10","10:00 AM","5:00 PM"
"10:00 AM","Jul/09","Jul/10","10:00 AM","4:00 PM"
"10:30 AM","Jul/09","Jul/10","10:30 AM","4:00 PM"
"10:30 AM","Jul/09","Jul/10","10:30 AM","4:00 PM"
"11:00 AM","Jul/09","Jul/10","11:00 AM","4:00 PM"
"11:00 AM","Jul/09","Jul/10","11:00 AM","4:00 PM"
"11:00 AM","Jul/04","Jul/10","1:00 PM","4:00 PM"
"11:00 AM","Jul/04","Jul/10","1:00 PM","4:00 PM"
"11:00 AM","Jul/10","Jul/11","11:00 AM","4:00 PM"
